relational.GreaterThanEqualEvaluator,GTEEvaluator
main.lisp.evaluator.Evaluator,GTEEvaluator
relational.GreaterThanEvaluator,GTEvaluator
main.lisp.evaluator.Evaluator,GTEvaluator
relational.LessThanEqualEvaluator,LTEEvaluator
main.lisp.evaluator.Evaluator,LTEEvaluator
relational.LessThanEvaluator,LTEvaluator
main.lisp.evaluator.Evaluator,LTEvaluator
logical.AndEvaluator,AndEvaluator
main.lisp.evaluator.Evaluator,AndEvaluator
expression.CondEvaluator,CondEvaluator
main.lisp.evaluator.Evaluator,CondEvaluator
evaluators.LispOperationRegisterer,CustomOperationRegisterer
main.lisp.evaluator.OperationRegisterer,CustomOperationRegisterer
expression.EvalEvaluator,EvalEvaluator
main.lisp.evaluator.Evaluator,EvalEvaluator
a5.VariableEval,IdentifierAtomWithLookup
main.lisp.parser.terms.SExpression,IdentifierAtomWithLookup
main.lisp.parser.terms.Atom,IdentifierAtomWithLookup
functional.LambdaEvaluator,LambdaEvaluator
main.lisp.evaluator.Evaluator,LambdaEvaluator
expression.ListEvaluator,ListEvaluator
main.lisp.evaluator.Evaluator,ListEvaluator
expression.LoadEvaluator,LoadEvaluator
main.lisp.evaluator.Evaluator,LoadEvaluator
a5.RunLisp,Main
environments.EnvironmentImplementation,NestedLexicalEnvironment
main.lisp.evaluator.Environment,NestedLexicalEnvironment
logical.NotEvaluator,NotEvaluator
main.lisp.evaluator.Evaluator,NotEvaluator
logical.OrEvaluator,OrEvaluator
main.lisp.evaluator.Evaluator,OrEvaluator
expression.QuoteEvaluator,QuoteEvaluator
main.lisp.evaluator.Evaluator,QuoteEvaluator
functional.SetqEvaluator,SetqEvaluator
main.lisp.evaluator.Evaluator,SetqEvaluator
evaluators.StringFormats,StringFormattingSExpression
main.lisp.parser.terms.SExpression,StringFormattingSExpression
